AS, 1, Ins, Table1A, 100, 1, True, 1.0763287544250488, 0.9607076644897461, 0.4546006269940146, 2020-03-31_225032
AS, 1, Ins, Table1B, 100, 1, True, 2.159445285797119, 1.9103288650512695, 0.7521072781931176, 2020-03-31_225032
AS, 1, Ins, Table1A, 100, 1, False, 1.0587072372436523, 0.9663105010986328, 0.44181579743316707, 2020-03-31_225033
AS, 1, Ins, Table1B, 100, 1, False, 1.0570168495178223, 0.9629726409912109, 0.49350897739728733, 2020-03-31_225033
AS, 1, Upd, Table1A, 100, 1, False, 1.0499882698059082, 0.9506940841674805, 0.3802149726892085, 2020-03-31_225033
AS, 1, Upd, Table1B, 100, 1, False, 1.0741114616394043, 0.9824037551879883, 0.44966873103687854, 2020-03-31_225033
AS, 1, Upd, Table1A, 100, 1, True, 0.9818816184997559, 0.9595155715942383, 0.1362251758641783, 2020-03-31_225034
AS, 1, Upd, Table1B, 100, 1, True, 1.020045280456543, 0.9615421295166016, 0.3114460131270942, 2020-03-31_225034
AS, 1, Del, Table1A, 100, 1, True, 0.9646701812744141, 0.9559392929077148, 0.05540853054362089, 2020-03-31_225034
AS, 1, Del, Table1B, 100, 1, True, 3.1156301498413086, 2.9839277267456055, 0.868733329281574, 2020-03-31_225034
AS, 1, Del, Table1A, 100, 1, False, 0.9612512588500977, 0.9503364562988281, 0.06406430147097156, 2020-03-31_225035
AS, 1, Del, Table1B, 100, 1, False, 0.9596157073974609, 0.950932502746582, 0.06222242689675729, 2020-03-31_225035
AS, 1, Ins, Table1A, 100, 5, True, 1.0193610191345215, 0.9462833404541016, 0.43841830659824593, 2020-03-31_225036
AS, 1, Ins, Table1B, 100, 5, True, 2.690136432647705, 2.562880516052246, 0.9542194800944718, 2020-03-31_225036
AS, 1, Ins, Table1A, 100, 5, False, 1.034073829650879, 1.016378402709961, 0.14029203578144794, 2020-03-31_225036
AS, 1, Ins, Table1B, 100, 5, False, 1.027059555053711, 1.0058879852294922, 0.12343144821649087, 2020-03-31_225036
AS, 1, Upd, Table1A, 100, 5, False, 1.0512447357177734, 1.0094642639160156, 0.19754920257766825, 2020-03-31_225036
AS, 1, Upd, Table1B, 100, 5, False, 1.0954833030700684, 1.0188817977905273, 0.2982854138618534, 2020-03-31_225036
AS, 1, Upd, Table1A, 100, 5, True, 1.0660171508789062, 0.9992122650146484, 0.5661257686557981, 2020-03-31_225037
AS, 1, Upd, Table1B, 100, 5, True, 1.2880802154541016, 1.0275840759277344, 1.0778357580412286, 2020-03-31_225037
AS, 1, Del, Table1A, 100, 5, True, 1.0126924514770508, 1.0154247283935547, 0.05617730056608925, 2020-03-31_225038
AS, 1, Del, Table1B, 100, 5, True, 3.289346694946289, 3.2416582107543945, 0.2182080881139216, 2020-03-31_225038
AS, 1, Del, Table1A, 100, 5, False, 0.9818410873413086, 0.9768009185791016, 0.0634680352596956, 2020-03-31_225038
AS, 1, Del, Table1B, 100, 5, False, 0.98052978515625, 0.9737014770507812, 0.054242507367332424, 2020-03-31_225038
AS, 1, Ins, Table1A, 100, 10, True, 1.1607766151428223, 0.9957551956176758, 0.8312036560630734, 2020-03-31_225039
AS, 1, Ins, Table1B, 100, 10, True, 2.834134101867676, 2.6934146881103516, 0.8061159620982913, 2020-03-31_225039
AS, 1, Ins, Table1A, 100, 10, False, 1.016542911529541, 0.9771585464477539, 0.17928372170024684, 2020-03-31_225039
AS, 1, Ins, Table1B, 100, 10, False, 1.0314631462097168, 0.9802579879760742, 0.2800760438998881, 2020-03-31_225039
AS, 1, Upd, Table1A, 100, 10, False, 1.1297369003295898, 1.014113426208496, 0.5274364671461209, 2020-03-31_225040
AS, 1, Upd, Table1B, 100, 10, False, 1.01060152053833, 0.9816884994506836, 0.1699754069717111, 2020-03-31_225040
AS, 1, Upd, Table1A, 100, 10, True, 1.08506441116333, 1.0042190551757812, 0.6883544009454646, 2020-03-31_225040
AS, 1, Upd, Table1B, 100, 10, True, 1.1150264739990234, 1.0617971420288086, 0.23190734600033877, 2020-03-31_225040
AS, 1, Del, Table1A, 100, 10, True, 1.0219812393188477, 1.000046730041504, 0.14481366360106004, 2020-03-31_225041
AS, 1, Del, Table1B, 100, 10, True, 3.316922187805176, 3.2224655151367188, 0.32326935370190585, 2020-03-31_225041
AS, 1, Del, Table1A, 100, 10, False, 1.1573362350463867, 0.9810924530029297, 0.8750702231708188, 2020-03-31_225042
AS, 1, Del, Table1B, 100, 10, False, 0.9971904754638672, 0.9722709655761719, 0.09419273953813453, 2020-03-31_225042
SQL, 1, Ins, Table1A, 100, 1, True, 3.6237144470214844, 3.644585609436035, 0.1729179974728219, 2020-03-31_225043
SQL, 1, Ins, Table1B, 100, 1, True, 3.6835813522338867, 3.6917924880981445, 0.26880803761248623, 2020-03-31_225043
SQL, 1, Upd, Table1A, 100, 1, True, 3.8179779052734375, 3.74603271484375, 0.4250293862662698, 2020-03-31_225043
SQL, 1, Upd, Table1B, 100, 1, True, 3.7583231925964355, 3.7668943405151367, 0.2562237431411568, 2020-03-31_225043
SQL, 1, Del, Table1A, 100, 1, True, 3.692812919616699, 3.7108659744262695, 0.20330394286715658, 2020-03-31_225044
SQL, 1, Del, Table1B, 100, 1, True, 3.724074363708496, 3.7065744400024414, 0.16668896150612134, 2020-03-31_225044
SQL, 1, Ins, Table1A, 100, 5, True, 3.740410804748535, 3.690004348754883, 0.44607081738330245, 2020-03-31_225045
SQL, 1, Ins, Table1B, 100, 5, True, 3.7580466270446777, 3.676772117614746, 0.5003988364794633, 2020-03-31_225045
SQL, 1, Upd, Table1A, 100, 5, True, 3.8631558418273926, 3.7648677825927734, 0.5188584142685742, 2020-03-31_225046
SQL, 1, Upd, Table1B, 100, 5, True, 3.800690174102783, 3.77047061920166, 0.35038010354944643, 2020-03-31_225046
SQL, 1, Del, Table1A, 100, 5, True, 3.7544679641723633, 3.73685359954834, 0.13090118876732684, 2020-03-31_225046
SQL, 1, Del, Table1B, 100, 5, True, 3.712158203125, 3.7190914154052734, 0.2341784301887596, 2020-03-31_225046
SQL, 1, Ins, Table1A, 100, 10, True, 3.658452033996582, 3.658413887023926, 0.30406731029382533, 2020-03-31_225047
SQL, 1, Ins, Table1B, 100, 10, True, 3.697035312652588, 3.6023855209350586, 1.3058244357104984, 2020-03-31_225047
SQL, 1, Upd, Table1A, 100, 10, True, 3.67537260055542, 3.7049055099487305, 0.16985782155849383, 2020-03-31_225048
SQL, 1, Upd, Table1B, 100, 10, True, 3.724071979522705, 3.7168264389038086, 0.24027189066280522, 2020-03-31_225048
SQL, 1, Del, Table1A, 100, 10, True, 3.741011619567871, 3.7724971771240234, 0.18387460459183227, 2020-03-31_225048
SQL, 1, Del, Table1B, 100, 10, True, 3.7453794479370117, 3.7850141525268555, 0.17562701617317417, 2020-03-31_225048
AS, 2, Ins, Table2A, 100, 1, True, 1.0164713859558105, 0.9710788726806641, 0.2102524893733566, 2020-03-31_225048
AS, 2, Ins, Table2B, 100, 1, True, 2.0932865142822266, 1.9739866256713867, 0.5005773221309288, 2020-03-31_225048
AS, 2, Ins, Table2A, 100, 1, False, 1.0215973854064941, 0.9949207305908203, 0.1940634448096101, 2020-03-31_225049
AS, 2, Ins, Table2B, 100, 1, False, 1.0713768005371094, 0.9783506393432617, 0.5061831687465298, 2020-03-31_225049
AS, 2, Upd, Table2A, 100, 1, False, 0.9969472885131836, 0.9694099426269531, 0.2807732330066442, 2020-03-31_225049
AS, 2, Upd, Table2B, 100, 1, False, 1.0573387145996094, 0.9864568710327148, 0.3707115944243087, 2020-03-31_225049
AS, 2, Upd, Table2A, 100, 1, True, 1.0366272926330566, 0.9649991989135742, 0.40668119615284287, 2020-03-31_225050
AS, 2, Upd, Table2B, 100, 1, True, 1.0464835166931152, 0.9968280792236328, 0.3382664410207221, 2020-03-31_225050
AS, 2, Del, Table2A, 100, 1, True, 1.0451126098632812, 0.9877681732177734, 0.3559634775077573, 2020-03-31_225051
AS, 2, Del, Table2B, 100, 1, True, 2.6352548599243164, 2.5545358657836914, 0.41367926382332676, 2020-03-31_225051
AS, 2, Del, Table2A, 100, 1, False, 0.9876108169555664, 0.9825229644775391, 0.05546304310903604, 2020-03-31_225051
AS, 2, Del, Table2B, 100, 1, False, 1.151280403137207, 0.9982585906982422, 0.5123913360162161, 2020-03-31_225051
AS, 2, Ins, Table2A, 100, 5, True, 0.9498929977416992, 0.9337663650512695, 0.0879910836917514, 2020-03-31_225052
AS, 2, Ins, Table2B, 100, 5, True, 2.5863027572631836, 2.579331398010254, 0.4565760145986282, 2020-03-31_225052
AS, 2, Ins, Table2A, 100, 5, False, 1.0483717918395996, 0.9741783142089844, 0.57161850115537, 2020-03-31_225052
AS, 2, Ins, Table2B, 100, 5, False, 0.9739303588867188, 0.9672641754150391, 0.06529803935568224, 2020-03-31_225052
AS, 2, Upd, Table2A, 100, 5, False, 0.9977269172668457, 0.9697675704956055, 0.21317018291027878, 2020-03-31_225052
AS, 2, Upd, Table2B, 100, 5, False, 0.9694218635559082, 0.9546279907226562, 0.07237121829003003, 2020-03-31_225052
AS, 2, Upd, Table2A, 100, 5, True, 1.0158801078796387, 0.966191291809082, 0.2951147497406695, 2020-03-31_225053
AS, 2, Upd, Table2B, 100, 5, True, 1.0096955299377441, 0.9998083114624023, 0.062439543165308954, 2020-03-31_225053
AS, 2, Del, Table2A, 100, 5, True, 0.9988641738891602, 0.980377197265625, 0.08903859225561751, 2020-03-31_225054
AS, 2, Del, Table2B, 100, 5, True, 2.69167423248291, 2.650022506713867, 0.2226972121642063, 2020-03-31_225054
AS, 2, Del, Table2A, 100, 5, False, 0.9454774856567383, 0.9353160858154297, 0.087574525842325, 2020-03-31_225054
AS, 2, Del, Table2B, 100, 5, False, 0.9493637084960938, 0.9402036666870117, 0.11663859754991183, 2020-03-31_225054
AS, 2, Ins, Table2A, 100, 10, True, 0.9600973129272461, 0.9329319000244141, 0.11929702814866225, 2020-03-31_225055 x
AS, 2, Ins, Table2B, 100, 10, True, 2.7057623863220215, 2.61843204498291, 0.5443233363953005, 2020-03-31_225055
AS, 2, Ins, Table2A, 100, 10, False, 1.0384750366210938, 1.0104179382324219, 0.24891347370663144, 2020-03-31_225055
AS, 2, Ins, Table2B, 100, 10, False, 1.0237431526184082, 0.9934902191162109, 0.11542709383423903, 2020-03-31_225055
AS, 2, Upd, Table2A, 100, 10, False, 1.0533404350280762, 0.980377197265625, 0.5605495889372544, 2020-03-31_225055
AS, 2, Upd, Table2B, 100, 10, False, 0.9875965118408203, 0.9188652038574219, 0.48896091887636633, 2020-03-31_225055
AS, 2, Upd, Table2A, 100, 10, True, 1.0359787940979004, 0.9454488754272461, 0.6076151058037009, 2020-03-31_225056
AS, 2, Upd, Table2B, 100, 10, True, 1.0812020301818848, 0.9646415710449219, 0.6592554497174437, 2020-03-31_225056
AS, 2, Del, Table2A, 100, 10, True, 0.9618806838989258, 0.9511709213256836, 0.05606273813430555, 2020-03-31_225057
AS, 2, Del, Table2B, 100, 10, True, 2.59676456451416, 2.5653839111328125, 0.1624588972989198, 2020-03-31_225057
AS, 2, Del, Table2A, 100, 10, False, 0.9126949310302734, 0.9025335311889648, 0.05231189304824358, 2020-03-31_225057
AS, 2, Del, Table2B, 100, 10, False, 0.9336376190185547, 0.9199380874633789, 0.07248769784118399, 2020-03-31_225057
SQL, 2, Ins, Table2A, 100, 1, True, 3.654468059539795, 3.655672073364258, 0.30473823774409886, 2020-03-31_225058
SQL, 2, Ins, Table2B, 100, 1, True, 3.685030937194824, 3.7087202072143555, 0.21625717324159527, 2020-03-31_225058
SQL, 2, Upd, Table2A, 100, 1, True, 3.781871795654297, 3.779768943786621, 0.2591505521612509, 2020-03-31_225059
SQL, 2, Upd, Table2B, 100, 1, True, 3.8927602767944336, 3.8039684295654297, 0.5839558372227123, 2020-03-31_225059
SQL, 2, Del, Table2A, 100, 1, True, 3.670682907104492, 3.6873817443847656, 0.173164482901396, 2020-03-31_225059
SQL, 2, Del, Table2B, 100, 1, True, 3.7004995346069336, 3.694295883178711, 0.19883853661892645, 2020-03-31_225059
SQL, 2, Ins, Table2A, 100, 5, True, 3.937544822692871, 3.7413835525512695, 0.809172064611567, 2020-03-31_225100
SQL, 2, Ins, Table2B, 100, 5, True, 3.6489295959472656, 3.6690235137939453, 0.18609180010257484, 2020-03-31_225100
SQL, 2, Upd, Table2A, 100, 5, True, 3.855280876159668, 3.837108612060547, 0.3831769533343592, 2020-03-31_225101
SQL, 2, Upd, Table2B, 100, 5, True, 3.9159035682678223, 3.80098819732666, 0.9148988493459445, 2020-03-31_225101
SQL, 2, Del, Table2A, 100, 5, True, 3.774247169494629, 3.76129150390625, 0.26518172989356026, 2020-03-31_225101
SQL, 2, Del, Table2B, 100, 5, True, 3.8588380813598633, 3.7682056427001953, 0.36578126339530315, 2020-03-31_225101
SQL, 2, Ins, Table2A, 100, 10, True, 3.725292682647705, 3.688931465148926, 0.2968780062958286, 2020-03-31_225102
SQL, 2, Ins, Table2B, 100, 10, True, 3.7601494789123535, 3.716588020324707, 0.28099788000254633, 2020-03-31_225102
SQL, 2, Upd, Table2A, 100, 10, True, 3.8462328910827637, 3.8306713104248047, 0.192450569398149, 2020-03-31_225103
SQL, 2, Upd, Table2B, 100, 10, True, 3.7601399421691895, 3.757476806640625, 0.2090044759530272, 2020-03-31_225103
SQL, 2, Del, Table2A, 100, 10, True, 3.667569160461426, 3.680706024169922, 0.17154964101079562, 2020-03-31_225103
SQL, 2, Del, Table2B, 100, 10, True, 3.7194204330444336, 3.6994218826293945, 0.20982399049052552, 2020-03-31_225103
AS, 3, Ins, TableC, 100, 1, True, 3.5248565673828125, 3.154873847961426, 1.253317207465207, 2020-03-31_225104
AS, 3, Ins, TableC, 100, 1, False, 1.0375261306762695, 0.9893178939819336, 0.17558551977638284, 2020-03-31_225105
AS, 3, Del, TableC, 100, 1, False, 1.1145353317260742, 0.9981393814086914, 0.2966455936585049, 2020-03-31_225105
AS, 3, Del, TableA, 100, 1, False, 1.102147102355957, 1.001596450805664, 0.27575244478963784, 2020-03-31_225105
AS, 3, Del, TableB, 100, 1, False, 1.0499238967895508, 1.0008811950683594, 0.1858502606283872, 2020-03-31_225105
AS, 3, Del, TableC, 100, 1, True, 4.311108589172363, 4.175424575805664, 0.563758610546676, 2020-03-31_225106
AS, 3, Del, TableA, 100, 1, True, 1.0727214813232422, 1.0044574737548828, 0.2564604262848952, 2020-03-31_225106
AS, 3, Del, TableB, 100, 1, True, 1.0639190673828125, 1.0162591934204102, 0.1938238579675707, 2020-03-31_225106
AS, 3, Ins, TableC, 100, 5, True, 4.4175028800964355, 4.366397857666016, 1.0568423735329053, 2020-03-31_225107
AS, 3, Ins, TableC, 100, 5, False, 1.1239123344421387, 1.0647773742675781, 0.22789455033298348, 2020-03-31_225108
AS, 3, Del, TableC, 100, 5, False, 1.1310625076293945, 1.0448694229125977, 0.34095151634258014, 2020-03-31_225108
AS, 3, Del, TableA, 100, 5, False, 1.1107444763183594, 1.0426044464111328, 0.25625526543429644, 2020-03-31_225108
AS, 3, Del, TableB, 100, 5, False, 1.1544609069824219, 1.052260398864746, 0.3076125019976397, 2020-03-31_225108
AS, 3, Del, TableC, 100, 5, True, 4.616680145263672, 4.407525062561035, 0.5207949847838316, 2020-03-31_225109
AS, 3, Del, TableA, 100, 5, True, 1.1514520645141602, 1.0251998901367188, 0.3252021079135767, 2020-03-31_225109
AS, 3, Del, TableB, 100, 5, True, 1.0994529724121094, 1.0160207748413086, 0.28517961593988417, 2020-03-31_225109
AS, 3, Ins, TableC, 100, 10, True, 4.934370517730713, 4.651904106140137, 1.1110348992116523, 2020-03-31_225110
AS, 3, Ins, TableC, 100, 10, False, 1.1793971061706543, 1.0340213775634766, 0.538370783330993, 2020-03-31_225111
AS, 3, Del, TableC, 100, 10, False, 1.2127685546875, 1.0347366333007812, 0.4078988095393309, 2020-03-31_225111
AS, 3, Del, TableA, 100, 10, False, 1.1142253875732422, 1.0215044021606445, 0.3064645951386102, 2020-03-31_225111
AS, 3, Del, TableB, 100, 10, False, 1.1699247360229492, 1.020193099975586, 0.4045509866954879, 2020-03-31_225111
AS, 3, Del, TableC, 100, 10, True, 5.888195037841797, 5.485892295837402, 1.8046308705845016, 2020-03-31_225113
AS, 3, Del, TableA, 100, 10, True, 1.4406776428222656, 1.0933876037597656, 0.7459969490522327, 2020-03-31_225113
AS, 3, Del, TableB, 100, 10, True, 1.5249872207641602, 1.035928726196289, 0.8549917541484456, 2020-03-31_225113
SQL, 3, Ins, TableC, 100, 1, True, 3.6643075942993164, 3.662705421447754, 0.22518200361482127, 2020-03-31_225114
SQL, 3, Del, TableC, 100, 1, True, 3.7606287002563477, 3.749966621398926, 0.15867373623482012, 2020-03-31_225115
SQL, 3, Del, TableA, 100, 1, True, 3.7500572204589844, 3.7412643432617188, 0.19604466276156002, 2020-03-31_225115
SQL, 3, Del, TableB, 100, 1, True, 3.6578989028930664, 3.692746162414551, 0.2207659073968955, 2020-03-31_225115
SQL, 3, Ins, TableC, 100, 5, True, 3.77669095993042, 3.651738166809082, 1.3866684635761775, 2020-03-31_225116
SQL, 3, Del, TableC, 100, 5, True, 3.9054489135742188, 3.734588623046875, 1.0782843512805476, 2020-03-31_225116
SQL, 3, Del, TableA, 100, 5, True, 4.198246002197266, 3.7114620208740234, 3.576097998641262, 2020-03-31_225116
SQL, 3, Del, TableB, 100, 5, True, 3.6920642852783203, 3.711700439453125, 0.19501264933971985, 2020-03-31_225116
SQL, 3, Ins, TableC, 100, 10, True, 3.753950595855713, 3.672957420349121, 0.8856026565319771, 2020-03-31_225118
SQL, 3, Del, TableC, 100, 10, True, 3.65231990814209, 3.657817840576172, 0.1711814320304778, 2020-03-31_225118
SQL, 3, Del, TableA, 100, 10, True, 3.6353111267089844, 3.645658493041992, 0.20098190697228116, 2020-03-31_225118
SQL, 3, Del, TableB, 100, 10, True, 3.627181053161621, 3.659367561340332, 0.21462329290986212, 2020-03-31_225118
AS, 1, Ins, Table1A, 1000, 1, True, 0.9900531768798828, 0.972747802734375, 0.11717338968108502, 2020-03-31_225122
AS, 1, Ins, Table1B, 1000, 1, True, 2.1249642372131348, 2.009153366088867, 0.582002006045694, 2020-03-31_225122
AS, 1, Ins, Table1A, 1000, 1, False, 1.0825645923614502, 0.9833574295043945, 0.5584402500340424, 2020-03-31_225127
AS, 1, Ins, Table1B, 1000, 1, False, 1.0337636470794678, 0.9765625, 0.4209016336973462, 2020-03-31_225127
AS, 1, Upd, Table1A, 1000, 1, False, 1.0089502334594727, 0.9825229644775391, 0.2543414464218479, 2020-03-31_225129
AS, 1, Upd, Table1B, 1000, 1, False, 0.9802556037902832, 0.9628534317016602, 0.12314317118903008, 2020-03-31_225129
AS, 1, Upd, Table1A, 1000, 1, True, 1.0028743743896484, 0.9645223617553711, 0.23609908326540294, 2020-03-31_225136
AS, 1, Upd, Table1B, 1000, 1, True, 1.2257866859436035, 0.9735822677612305, 6.751346665310578, 2020-03-31_225136
AS, 1, Del, Table1A, 1000, 1, True, 1.1927895545959473, 0.9644031524658203, 1.597181833724774, 2020-03-31_225144
AS, 1, Del, Table1B, 1000, 1, True, 3.366361141204834, 3.023982048034668, 1.4232929564644348, 2020-03-31_225144
AS, 1, Del, Table1A, 1000, 1, False, 1.1112446784973145, 0.9710788726806641, 0.6235044409308105, 2020-03-31_225149
AS, 1, Del, Table1B, 1000, 1, False, 1.0567941665649414, 0.9675025939941406, 0.4053370327241441, 2020-03-31_225149
AS, 1, Ins, Table1A, 1000, 5, True, 1.0892963409423828, 0.9797811508178711, 0.6185827142388317, 2020-03-31_225154
AS, 1, Ins, Table1B, 1000, 5, True, 2.813143014907837, 2.6623010635375977, 0.8874568490158917, 2020-03-31_225154
AS, 1, Ins, Table1A, 1000, 5, False, 1.1563832759857178, 1.0151863098144531, 0.5187083108574567, 2020-03-31_225159
AS, 1, Ins, Table1B, 1000, 5, False, 1.1448962688446045, 1.0207891464233398, 0.5584741042025173, 2020-03-31_225159
AS, 1, Upd, Table1A, 1000, 5, False, 1.300069808959961, 1.0440349578857422, 1.128656719371684, 2020-03-31_225202
AS, 1, Upd, Table1B, 1000, 5, False, 1.2316126823425293, 1.0821819305419922, 0.6891914656978387, 2020-03-31_225202
AS, 1, Upd, Table1A, 1000, 5, True, 1.181687831878662, 1.0355710983276367, 0.6343037073317145, 2020-03-31_225210
AS, 1, Upd, Table1B, 1000, 5, True, 1.2008318901062012, 1.0454654693603516, 0.5921787324029177, 2020-03-31_225210
AS, 1, Del, Table1A, 1000, 5, True, 1.1249675750732422, 1.0180473327636719, 0.39902394540268005, 2020-03-31_225220
AS, 1, Del, Table1B, 1000, 5, True, 3.685234546661377, 3.319978713989258, 0.9651259315789594, 2020-03-31_225220
AS, 1, Del, Table1A, 1000, 5, False, 1.0348901748657227, 0.9511709213256836, 0.4851117605992042, 2020-03-31_225224
AS, 1, Del, Table1B, 1000, 5, False, 1.0509095191955566, 0.9491443634033203, 0.4861536889777418, 2020-03-31_225224
AS, 1, Ins, Table1A, 1000, 10, True, 1.075437307357788, 0.9931325912475586, 0.600065528067217, 2020-03-31_225229
AS, 1, Ins, Table1B, 1000, 10, True, 2.792172431945801, 2.6807785034179688, 0.7724097314995948, 2020-03-31_225229
AS, 1, Ins, Table1A, 1000, 10, False, 1.0447232723236084, 0.9915828704833984, 0.31510331752531406, 2020-03-31_225234
AS, 1, Ins, Table1B, 1000, 10, False, 1.0309877395629883, 0.9863376617431641, 0.3358401717997596, 2020-03-31_225234
AS, 1, Upd, Table1A, 1000, 10, False, 1.0476276874542236, 0.9648799896240234, 0.8548875639959204, 2020-03-31_225236
AS, 1, Upd, Table1B, 1000, 10, False, 1.0801799297332764, 1.002192497253418, 0.4330924816240134, 2020-03-31_225236
AS, 1, Upd, Table1A, 1000, 10, True, 1.0400731563568115, 0.9670257568359375, 0.3700163777869457, 2020-03-31_225244
AS, 1, Upd, Table1B, 1000, 10, True, 1.0452346801757812, 0.9794235229492188, 0.29113231814894897, 2020-03-31_225244
AS, 1, Del, Table1A, 1000, 10, True, 1.0921196937561035, 0.9797811508178711, 0.41452260548838865, 2020-03-31_225252
AS, 1, Del, Table1B, 1000, 10, True, 3.470223903656006, 3.1850337982177734, 0.986359299665218, 2020-03-31_225252
AS, 1, Del, Table1A, 1000, 10, False, 0.9766702651977539, 0.9527206420898438, 0.28467935797173155, 2020-03-31_225256
AS, 1, Del, Table1B, 1000, 10, False, 0.9632821083068848, 0.95367431640625, 0.06009235698920609, 2020-03-31_225256
SQL, 1, Ins, Table1A, 1000, 1, True, 3.6027004718780518, 3.6612749099731445, 0.4003195683261178, 2020-03-31_225304
SQL, 1, Ins, Table1B, 1000, 1, True, 3.6107022762298584, 3.664255142211914, 0.3862614133918019, 2020-03-31_225304
SQL, 1, Upd, Table1A, 1000, 1, True, 4.272393465042114, 4.277706146240234, 0.6477404570765217, 2020-03-31_225313
SQL, 1, Upd, Table1B, 1000, 1, True, 4.312558174133301, 4.300951957702637, 0.7757023070205695, 2020-03-31_225313
SQL, 1, Del, Table1A, 1000, 1, True, 4.182521343231201, 4.1304826736450195, 0.8113502506774177, 2020-03-31_225317
SQL, 1, Del, Table1B, 1000, 1, True, 4.174220561981201, 4.151821136474609, 0.4120200067199573, 2020-03-31_225317
SQL, 1, Ins, Table1A, 1000, 5, True, 3.7278695106506348, 3.6565065383911133, 0.8368051914291648, 2020-03-31_225325
SQL, 1, Ins, Table1B, 1000, 5, True, 3.6899399757385254, 3.6559104919433594, 1.294843601671066, 2020-03-31_225325
SQL, 1, Upd, Table1A, 1000, 5, True, 4.346960067749023, 4.284381866455078, 0.8774399906139834, 2020-03-31_225334
SQL, 1, Upd, Table1B, 1000, 5, True, 4.375818729400635, 4.283666610717773, 1.1062331562469792, 2020-03-31_225334
SQL, 1, Del, Table1A, 1000, 5, True, 4.247452259063721, 4.1828155517578125, 0.6084297145364771, 2020-03-31_225338
SQL, 1, Del, Table1B, 1000, 5, True, 4.266920566558838, 4.207253456115723, 0.737418737546493, 2020-03-31_225338
SQL, 1, Ins, Table1A, 1000, 10, True, 3.7428760528564453, 3.6994218826293945, 0.7665687294566503, 2020-03-31_225346
SQL, 1, Ins, Table1B, 1000, 10, True, 3.7781121730804443, 3.735184669494629, 0.4060400006469035, 2020-03-31_225346
SQL, 1, Upd, Table1A, 1000, 10, True, 4.476227045059204, 4.401445388793945, 0.6812168497305698, 2020-03-31_225355
SQL, 1, Upd, Table1B, 1000, 10, True, 4.935439348220825, 4.429101943969727, 6.680163615732509, 2020-03-31_225355
SQL, 1, Del, Table1A, 1000, 10, True, 4.28148889541626, 4.237771034240723, 0.418569819368696, 2020-03-31_225359
SQL, 1, Del, Table1B, 1000, 10, True, 4.328423500061035, 4.257321357727051, 0.5755592718013823, 2020-03-31_225359
AS, 2, Ins, Table2A, 1000, 1, True, 1.1281940937042236, 0.9958744049072266, 0.568945533222543, 2020-03-31_225403
AS, 2, Ins, Table2B, 1000, 1, True, 2.4865195751190186, 2.1529197692871094, 1.1461998087402847, 2020-03-31_225403
AS, 2, Ins, Table2A, 1000, 1, False, 1.1788756847381592, 0.9946823120117188, 0.5576309221943567, 2020-03-31_225409
AS, 2, Ins, Table2B, 1000, 1, False, 1.1295318603515625, 0.9968280792236328, 0.49886621184736224, 2020-03-31_225409
AS, 2, Upd, Table2A, 1000, 1, False, 1.176849603652954, 1.0058879852294922, 0.5855018518346343, 2020-03-31_225411
AS, 2, Upd, Table2B, 1000, 1, False, 1.1933927536010742, 1.0112524032592773, 0.7107430474203751, 2020-03-31_225411
AS, 2, Upd, Table2A, 1000, 1, True, 1.0605456829071045, 0.9815692901611328, 0.30411943669732666, 2020-03-31_225419
AS, 2, Upd, Table2B, 1000, 1, True, 1.0836622714996338, 1.000046730041504, 0.446126853174909, 2020-03-31_225419
AS, 2, Del, Table2A, 1000, 1, True, 1.000070571899414, 0.9300708770751953, 0.3697219892598697, 2020-03-31_225427
AS, 2, Del, Table2B, 1000, 1, True, 2.482579231262207, 2.3810863494873047, 0.48832849280450236, 2020-03-31_225427
AS, 2, Del, Table2A, 1000, 1, False, 0.9604554176330566, 0.9312629699707031, 0.16394424694643267, 2020-03-31_225432
AS, 2, Del, Table2B, 1000, 1, False, 0.9510421752929688, 0.9264945983886719, 0.12441956197824754, 2020-03-31_225432
AS, 2, Ins, Table2A, 1000, 5, True, 0.9346616268157959, 0.9133815765380859, 0.10458863689917905, 2020-03-31_225436
AS, 2, Ins, Table2B, 1000, 5, True, 2.4903430938720703, 2.556920051574707, 0.313464094589066, 2020-03-31_225436
AS, 2, Ins, Table2A, 1000, 5, False, 0.9815657138824463, 0.9629726409912109, 0.10802197762240338, 2020-03-31_225440
AS, 2, Ins, Table2B, 1000, 5, False, 0.9606146812438965, 0.9415149688720703, 0.13371924050156828, 2020-03-31_225440
AS, 2, Upd, Table2A, 1000, 5, False, 1.1696851253509521, 0.9343624114990234, 6.555352725021637, 2020-03-31_225442
AS, 2, Upd, Table2B, 1000, 5, False, 0.9909353256225586, 0.9529590606689453, 0.2068674242092827, 2020-03-31_225442
AS, 2, Upd, Table2A, 1000, 5, True, 0.9716949462890625, 0.9607076644897461, 0.07785849474235036, 2020-03-31_225449
AS, 2, Upd, Table2B, 1000, 5, True, 1.0472190380096436, 0.9682178497314453, 0.5883040133583671, 2020-03-31_225449
AS, 2, Del, Table2A, 1000, 5, True, 0.979313850402832, 0.962376594543457, 0.08637873502464591, 2020-03-31_225457
AS, 2, Del, Table2B, 1000, 5, True, 2.5931544303894043, 2.557516098022461, 0.24741549331835833, 2020-03-31_225457
AS, 2, Del, Table2A, 1000, 5, False, 0.9679474830627441, 0.9284019470214844, 0.16296714778981847, 2020-03-31_225501
AS, 2, Del, Table2B, 1000, 5, False, 0.9714112281799316, 0.9312629699707031, 0.16235569320457197, 2020-03-31_225501
AS, 2, Ins, Table2A, 1000, 10, True, 1.1432816982269287, 1.0292530059814453, 0.38960896352637253, 2020-03-31_225506
AS, 2, Ins, Table2B, 1000, 10, True, 3.0425524711608887, 2.8111934661865234, 0.9893995640160161, 2020-03-31_225506
AS, 2, Ins, Table2A, 1000, 10, False, 1.167205572128296, 0.9970664978027344, 0.5798789125467138, 2020-03-31_225511
AS, 2, Ins, Table2B, 1000, 10, False, 1.1543331146240234, 1.0223388671875, 0.49019953522382226, 2020-03-31_225511
AS, 2, Upd, Table2A, 1000, 10, False, 1.0934414863586426, 0.9921789169311523, 0.4177889366176378, 2020-03-31_225513
AS, 2, Upd, Table2B, 1000, 10, False, 1.1551365852355957, 1.0149478912353516, 0.6332261522780431, 2020-03-31_225513
AS, 2, Upd, Table2A, 1000, 10, True, 0.9871678352355957, 0.965118408203125, 0.16473709624003116, 2020-03-31_225521
AS, 2, Upd, Table2B, 1000, 10, True, 0.9877912998199463, 0.9748935699462891, 0.09527339417956247, 2020-03-31_225521
AS, 2, Del, Table2A, 1000, 10, True, 0.9964556694030762, 0.9796619415283203, 0.10350349965024108, 2020-03-31_225529
AS, 2, Del, Table2B, 1000, 10, True, 2.6792678833007812, 2.6252269744873047, 0.39016958737946417, 2020-03-31_225529
AS, 2, Del, Table2A, 1000, 10, False, 0.9575281143188477, 0.9316205978393555, 0.24694866781590052, 2020-03-31_225533
AS, 2, Del, Table2B, 1000, 10, False, 0.9509754180908203, 0.9299516677856445, 0.13736684565218754, 2020-03-31_225533
SQL, 2, Ins, Table2A, 1000, 1, True, 3.703655242919922, 3.66818904876709, 0.9821801843054461, 2020-03-31_225541
SQL, 2, Ins, Table2B, 1000, 1, True, 3.7069602012634277, 3.6792755126953125, 1.0168955294777333, 2020-03-31_225541
SQL, 2, Upd, Table2A, 1000, 1, True, 4.781885147094727, 4.290342330932617, 9.22670170205144, 2020-03-31_225550
SQL, 2, Upd, Table2B, 1000, 1, True, 4.467796564102173, 4.395842552185059, 0.7382845048669504, 2020-03-31_225550
SQL, 2, Del, Table2A, 1000, 1, True, 4.470874786376953, 4.225611686706543, 1.3271113786941073, 2020-03-31_225555
SQL, 2, Del, Table2B, 1000, 1, True, 4.5876688957214355, 4.272699356079102, 1.2357320139076622, 2020-03-31_225555
SQL, 2, Ins, Table2A, 1000, 5, True, 3.8820807933807373, 3.7685632705688477, 1.10059777590393, 2020-03-31_225603
SQL, 2, Ins, Table2B, 1000, 5, True, 4.100841522216797, 3.802180290222168, 4.1060944404907245, 2020-03-31_225603
SQL, 2, Upd, Table2A, 1000, 5, True, 4.489268779754639, 4.398226737976074, 0.7805161160578395, 2020-03-31_225612
SQL, 2, Upd, Table2B, 1000, 5, True, 4.49548077583313, 4.396796226501465, 1.2563955121769257, 2020-03-31_225612
SQL, 2, Del, Table2A, 1000, 5, True, 4.297494888305664, 4.189133644104004, 0.5181207668768405, 2020-03-31_225617
SQL, 2, Del, Table2B, 1000, 5, True, 4.369215965270996, 4.227042198181152, 0.8760109959569787, 2020-03-31_225617
SQL, 2, Ins, Table2A, 1000, 10, True, 3.935472249984741, 3.7494897842407227, 1.365124196736471, 2020-03-31_225624
SQL, 2, Ins, Table2B, 1000, 10, True, 3.7972609996795654, 3.719210624694824, 1.2395045517742147, 2020-03-31_225624
SQL, 2, Upd, Table2A, 1000, 10, True, 4.538609266281128, 4.3364763259887695, 1.198718723188622, 2020-03-31_225633
SQL, 2, Upd, Table2B, 1000, 10, True, 4.418284177780151, 4.390716552734375, 0.18916645145698424, 2020-03-31_225633
SQL, 2, Del, Table2A, 1000, 10, True, 4.401159286499023, 4.18853759765625, 1.8671981719264379, 2020-03-31_225638
SQL, 2, Del, Table2B, 1000, 10, True, 4.353411674499512, 4.242062568664551, 0.6572807317928973, 2020-03-31_225638
AS, 3, Ins, TableC, 1000, 1, True, 2.9696881771087646, 2.871870994567871, 0.8056026863313075, 2020-03-31_225643
AS, 3, Ins, TableC, 1000, 1, False, 0.936394453048706, 0.9163618087768555, 0.15196226571913618, 2020-03-31_225650
AS, 3, Del, TableC, 1000, 1, False, 0.9043116569519043, 0.8971691131591797, 0.06265893145494232, 2020-03-31_225651
AS, 3, Del, TableA, 1000, 1, False, 0.9073753356933594, 0.8969306945800781, 0.09342868453685245, 2020-03-31_225651
AS, 3, Del, TableB, 1000, 1, False, 0.9115042686462402, 0.8952617645263672, 0.15334350378560066, 2020-03-31_225651
AS, 3, Del, TableC, 1000, 1, True, 3.9338932037353516, 3.8793087005615234, 0.49690491219786875, 2020-03-31_225700
AS, 3, Del, TableA, 1000, 1, True, 0.9841737747192383, 0.937342643737793, 0.7475441597374376, 2020-03-31_225700
AS, 3, Del, TableB, 1000, 1, True, 0.9581990242004395, 0.9291172027587891, 0.4548654893509382, 2020-03-31_225700
AS, 3, Ins, TableC, 1000, 5, True, 4.89178466796875, 4.626035690307617, 1.3059206609513332, 2020-03-31_225710
AS, 3, Ins, TableC, 1000, 5, False, 1.045362949371338, 1.0094642639160156, 0.35105824043862943, 2020-03-31_225717
AS, 3, Del, TableC, 1000, 5, False, 1.0307292938232422, 0.9902715682983398, 0.31693030981108317, 2020-03-31_225719
AS, 3, Del, TableA, 1000, 5, False, 1.0426592826843262, 0.9903907775878906, 0.3691205486726271, 2020-03-31_225719
AS, 3, Del, TableB, 1000, 5, False, 1.025712013244629, 0.990748405456543, 0.2478592831858981, 2020-03-31_225719
AS, 3, Del, TableC, 1000, 5, True, 4.526358127593994, 4.316091537475586, 1.0135899071920733, 2020-03-31_225730
AS, 3, Del, TableA, 1000, 5, True, 1.0805444717407227, 1.0006427764892578, 0.5736293756495182, 2020-03-31_225730
AS, 3, Del, TableB, 1000, 5, True, 1.0456442832946777, 0.9958744049072266, 0.3998323995398707, 2020-03-31_225730
AS, 3, Ins, TableC, 1000, 10, True, 4.269606113433838, 4.19771671295166, 0.7757796825140024, 2020-03-31_225739
AS, 3, Ins, TableC, 1000, 10, False, 1.0490710735321045, 0.9427070617675781, 0.5413816320810458, 2020-03-31_225745
AS, 3, Del, TableC, 1000, 10, False, 1.0485596656799316, 0.9535551071166992, 0.4827434275315451, 2020-03-31_225746
AS, 3, Del, TableA, 1000, 10, False, 1.038811206817627, 0.9520053863525391, 0.4867733408230623, 2020-03-31_225746
AS, 3, Del, TableB, 1000, 10, False, 1.0651369094848633, 0.9530782699584961, 0.591292322216257, 2020-03-31_225746
AS, 3, Del, TableC, 1000, 10, True, 4.5793914794921875, 4.255533218383789, 1.1145673012966468, 2020-03-31_225758
AS, 3, Del, TableA, 1000, 10, True, 1.0551629066467285, 0.9802579879760742, 0.4236290521467127, 2020-03-31_225758
AS, 3, Del, TableB, 1000, 10, True, 1.0968661308288574, 0.9737014770507812, 0.5886294602549194, 2020-03-31_225758
SQL, 3, Ins, TableC, 1000, 1, True, 3.727567195892334, 3.6875009536743164, 1.2452748271881158, 2020-03-31_225811
SQL, 3, Del, TableC, 1000, 1, True, 4.381131172180176, 4.264950752258301, 1.5131000191388915, 2020-03-31_225818
SQL, 3, Del, TableA, 1000, 1, True, 4.289139747619629, 4.185676574707031, 1.7092823799413774, 2020-03-31_225818
SQL, 3, Del, TableB, 1000, 1, True, 4.228645324707031, 4.187226295471191, 0.9358512780849894, 2020-03-31_225818
SQL, 3, Ins, TableC, 1000, 5, True, 3.656221628189087, 3.6590099334716797, 1.2659781353895307, 2020-03-31_225829
SQL, 3, Del, TableC, 1000, 5, True, 4.157883644104004, 4.170536994934082, 0.21869603997091044, 2020-03-31_225835
SQL, 3, Del, TableA, 1000, 5, True, 4.105453968048096, 4.098773002624512, 0.6194777812978174, 2020-03-31_225835
SQL, 3, Del, TableB, 1000, 5, True, 4.104089736938477, 4.09853458404541, 0.6204539001551059, 2020-03-31_225835
SQL, 3, Ins, TableC, 1000, 10, True, 3.7125279903411865, 3.696918487548828, 0.8682578432586613, 2020-03-31_225846
SQL, 3, Del, TableC, 1000, 10, True, 4.3221354484558105, 4.217624664306641, 0.8440397184455634, 2020-03-31_225853
SQL, 3, Del, TableA, 1000, 10, True, 4.171825408935547, 4.129767417907715, 0.5664397325594681, 2020-03-31_225853
SQL, 3, Del, TableB, 1000, 10, True, 4.225287914276123, 4.116296768188477, 1.0096517246931196, 2020-03-31_225853
AS, 1, Ins, Table1A, 10000, 1, True, 1.065320372581482, 0.9987354278564453, 0.4157134981761499, 2020-03-31_225926
AS, 1, Ins, Table1B, 10000, 1, True, 2.2506495475769044, 2.0647048950195312, 0.7561392426996062, 2020-03-31_225926
AS, 1, Ins, Table1A, 10000, 1, False, 1.2647417783737183, 1.082301139831543, 2.2937194520204374, 2020-03-31_230024
AS, 1, Ins, Table1B, 10000, 1, False, 1.2441774368286134, 1.0609626770019531, 0.5855668966360384, 2020-03-31_230024
AS, 1, Upd, Table1A, 10000, 1, False, 1.0449325561523437, 0.9980201721191406, 0.31338546249421706, 2020-03-31_230045
AS, 1, Upd, Table1B, 10000, 1, False, 1.0417926549911498, 0.9949207305908203, 0.260366480698616, 2020-03-31_230045
AS, 1, Upd, Table1A, 10000, 1, True, 1.094240403175354, 1.016378402709961, 0.5125412646161912, 2020-03-31_230200
AS, 1, Upd, Table1B, 10000, 1, True, 1.0596191883087158, 1.0209083557128906, 0.26796577934667987, 2020-03-31_230200
AS, 1, Del, Table1A, 10000, 1, True, 1.1275923728942872, 1.0209083557128906, 0.4792590824645407, 2020-03-31_230328
AS, 1, Del, Table1B, 10000, 1, True, 3.4716141700744627, 3.1893253326416016, 0.9200356234102506, 2020-03-31_230328
AS, 1, Del, Table1A, 10000, 1, False, 1.1532283782958985, 1.0268688201904297, 0.5333281920431471, 2020-03-31_230417
AS, 1, Del, Table1B, 10000, 1, False, 1.1480423927307128, 1.0271072387695312, 0.5492794169904021, 2020-03-31_230417
AS, 1, Ins, Table1A, 10000, 5, True, 1.0689353942871094, 1.0013580322265625, 0.46285497131775166, 2020-03-31_230507
AS, 1, Ins, Table1B, 10000, 5, True, 2.8885995864868166, 2.6661157608032227, 1.1738659881878888, 2020-03-31_230507
AS, 1, Ins, Table1A, 10000, 5, False, 1.034324836730957, 0.9572505950927734, 2.1811017667644457, 2020-03-31_230553
AS, 1, Ins, Table1B, 10000, 5, False, 1.0452364444732667, 0.9706020355224609, 0.48122850136513173, 2020-03-31_230553
AS, 1, Upd, Table1A, 10000, 5, False, 1.4569279670715332, 1.047372817993164, 1.3433442975127214, 2020-03-31_230619
AS, 1, Upd, Table1B, 10000, 5, False, 1.1524487018585206, 1.0211467742919922, 0.5902055442978599, 2020-03-31_230619
AS, 1, Upd, Table1A, 10000, 5, True, 1.0610455989837646, 0.9791851043701172, 0.510045311451431, 2020-03-31_230738
AS, 1, Upd, Table1B, 10000, 5, True, 1.0476811885833741, 0.9884834289550781, 0.38414423882841764, 2020-03-31_230738
AS, 1, Del, Table1A, 10000, 5, True, 1.0269666194915772, 0.9665489196777344, 0.483346065293085, 2020-03-31_230901
AS, 1, Del, Table1B, 10000, 5, True, 3.269576406478882, 3.101348876953125, 0.9303693995740644, 2020-03-31_230901
AS, 1, Del, Table1A, 10000, 5, False, 1.0392381191253661, 0.9720325469970703, 0.40070925836165155, 2020-03-31_230946
AS, 1, Del, Table1B, 10000, 5, False, 1.0418397426605224, 0.9737014770507812, 0.393071272280149, 2020-03-31_230946
AS, 1, Ins, Table1A, 10000, 10, True, 1.1352322101593018, 1.0287761688232422, 0.5122371921515522, 2020-03-31_231036
AS, 1, Ins, Table1B, 10000, 10, True, 2.811807155609131, 2.6509761810302734, 2.267797323809815, 2020-03-31_231036
AS, 1, Ins, Table1A, 10000, 10, False, 1.1830321311950684, 1.0256767272949219, 2.542498912608062, 2020-03-31_231122
AS, 1, Ins, Table1B, 10000, 10, False, 1.163521146774292, 1.0194778442382812, 0.5610165694806789, 2020-03-31_231122
AS, 1, Upd, Table1A, 10000, 10, False, 1.1089146137237549, 0.9965896606445312, 0.8383179117440794, 2020-03-31_231144
AS, 1, Upd, Table1B, 10000, 10, False, 1.0566303253173828, 0.9653568267822266, 0.589277839076954, 2020-03-31_231144
AS, 1, Upd, Table1A, 10000, 10, True, 1.0446059942245483, 0.9963512420654297, 0.3194533403831487, 2020-03-31_231307
AS, 1, Upd, Table1B, 10000, 10, True, 1.1576510190963745, 1.0350942611694336, 0.5092959538986415, 2020-03-31_231308
AS, 1, Del, Table1A, 10000, 10, True, 1.1382242679595946, 0.9881258010864258, 4.544327727394088, 2020-03-31_231431
AS, 1, Del, Table1B, 10000, 10, True, 3.339673709869385, 3.1898021697998047, 0.6779848237371744, 2020-03-31_231431
AS, 1, Del, Table1A, 10000, 10, False, 1.1456204414367677, 1.016378402709961, 0.4905144803332621, 2020-03-31_231516
AS, 1, Del, Table1B, 10000, 10, False, 1.1577842712402344, 1.0180473327636719, 0.5433185796327396, 2020-03-31_231516
SQL, 1, Ins, Table1A, 10000, 1, True, 3.813621234893799, 3.6998987197875977, 0.8858490874341348, 2020-03-31_231643
SQL, 1, Ins, Table1B, 10000, 1, True, 3.8020362138748167, 3.724336624145508, 0.9863427446378542, 2020-03-31_231643
SQL, 1, Upd, Table1A, 10000, 1, True, 9.69235405921936, 9.576916694641113, 0.8883207116838336, 2020-03-31_232000
SQL, 1, Upd, Table1B, 10000, 1, True, 9.881865787506104, 9.779930114746094, 0.6858117813891211, 2020-03-31_232000
SQL, 1, Del, Table1A, 10000, 1, True, 8.247140645980835, 8.174300193786621, 1.2683231887554731, 2020-03-31_232123
SQL, 1, Del, Table1B, 10000, 1, True, 8.47972354888916, 8.410096168518066, 1.6751634606078056, 2020-03-31_232123
SQL, 1, Ins, Table1A, 10000, 5, True, 3.769866681098938, 3.6895275115966797, 0.8689445829499021, 2020-03-31_232240
SQL, 1, Ins, Table1B, 10000, 5, True, 3.833561134338379, 3.688335418701172, 2.255649806890843, 2020-03-31_232240
SQL, 1, Upd, Table1A, 10000, 5, True, 9.660571694374084, 9.483814239501953, 2.9971330275713073, 2020-03-31_232556
SQL, 1, Upd, Table1B, 10000, 5, True, 9.920512199401855, 9.766817092895508, 0.9302385486330091, 2020-03-31_232556
SQL, 1, Del, Table1A, 10000, 5, True, 8.373441314697265, 8.25488567352295, 3.1550196233940038, 2020-03-31_232721
SQL, 1, Del, Table1B, 10000, 5, True, 8.514719915390014, 8.46850872039795, 1.103533979610879, 2020-03-31_232721
SQL, 1, Ins, Table1A, 10000, 10, True, 3.685345911979675, 3.654956817626953, 0.687410323653709, 2020-03-31_232835
SQL, 1, Ins, Table1B, 10000, 10, True, 3.7199089765548705, 3.660917282104492, 1.0383970564714033, 2020-03-31_232835
SQL, 1, Upd, Table1A, 10000, 10, True, 9.617826175689697, 9.501457214355469, 0.9722381352266807, 2020-03-31_233151
SQL, 1, Upd, Table1B, 10000, 10, True, 9.900239634513856, 9.778738021850586, 0.8729915359386395, 2020-03-31_233151
SQL, 1, Del, Table1A, 10000, 10, True, 8.192514944076539, 8.167266845703125, 1.0144042814813516, 2020-03-31_233314
SQL, 1, Del, Table1B, 10000, 10, True, 8.438370990753175, 8.378863334655762, 1.2516483062885866, 2020-03-31_233314
AS, 2, Ins, Table2A, 10000, 1, True, 1.0365967750549316, 0.9686946868896484, 0.3982248127837326, 2020-03-31_233346
AS, 2, Ins, Table2B, 10000, 1, True, 2.0399929761886595, 1.9397735595703125, 0.6050019758081339, 2020-03-31_233346
AS, 2, Ins, Table2A, 10000, 1, False, 1.0801055431365967, 0.9922981262207031, 0.5257446489833915, 2020-03-31_233438
AS, 2, Ins, Table2B, 10000, 1, False, 1.1124825954437256, 1.018524169921875, 0.43445553641459206, 2020-03-31_233438
AS, 2, Upd, Table2A, 10000, 1, False, 1.0466006755828858, 0.9891986846923828, 0.3387243183997148, 2020-03-31_233500
AS, 2, Upd, Table2B, 10000, 1, False, 1.0958121299743653, 0.9987354278564453, 0.5658724994128488, 2020-03-31_233500
AS, 2, Upd, Table2A, 10000, 1, True, 1.1062641382217406, 1.0173320770263672, 0.4614599955173652, 2020-03-31_233618
AS, 2, Upd, Table2B, 10000, 1, True, 1.1529850244522095, 1.026153564453125, 2.264637769734952, 2020-03-31_233618
AS, 2, Del, Table2A, 10000, 1, True, 1.032969856262207, 0.9553432464599609, 0.42749876214523036, 2020-03-31_233737
AS, 2, Del, Table2B, 10000, 1, True, 2.6505393981933594, 2.4431943893432617, 3.151280798339146, 2020-03-31_233737
AS, 2, Del, Table2A, 10000, 1, False, 1.1288116931915284, 0.9942054748535156, 0.7150944301507098, 2020-03-31_233828
AS, 2, Del, Table2B, 10000, 1, False, 1.1162522315979004, 0.994563102722168, 0.626108664276098, 2020-03-31_233828
AS, 2, Ins, Table2A, 10000, 5, True, 1.097726321220398, 0.9976625442504883, 2.536020048037423, 2020-03-31_233917
AS, 2, Ins, Table2B, 10000, 5, True, 2.7594871282577516, 2.6952028274536133, 0.6633877338522249, 2020-03-31_233917
AS, 2, Ins, Table2A, 10000, 5, False, 1.0705057621002196, 0.9665489196777344, 0.5638800589472226, 2020-03-31_234001
AS, 2, Ins, Table2B, 10000, 5, False, 1.0553069591522217, 0.9772777557373047, 0.48659562391815325, 2020-03-31_234001
AS, 2, Upd, Table2A, 10000, 5, False, 1.1340357542037964, 1.0373592376708984, 0.43096641719557466, 2020-03-31_234023
AS, 2, Upd, Table2B, 10000, 5, False, 1.0821634769439696, 0.9905099868774414, 2.116134325096575, 2020-03-31_234024
AS, 2, Upd, Table2A, 10000, 5, True, 1.0812978267669677, 0.9756088256835938, 3.5163236585402404, 2020-03-31_234143
AS, 2, Upd, Table2B, 10000, 5, True, 1.0605632066726685, 1.0085105895996094, 0.33153852940185646, 2020-03-31_234143
AS, 2, Del, Table2A, 10000, 5, True, 1.1020843982696533, 0.9949207305908203, 0.5458340887122104, 2020-03-31_234303
AS, 2, Del, Table2B, 10000, 5, True, 2.8387523174285887, 2.62451171875, 0.8081819220511304, 2020-03-31_234303
AS, 2, Del, Table2A, 10000, 5, False, 1.0220652580261231, 0.9618997573852539, 0.4748389234015694, 2020-03-31_234349
AS, 2, Del, Table2B, 10000, 5, False, 1.0231857776641846, 0.9636878967285156, 0.43513882125183845, 2020-03-31_234349
AS, 2, Ins, Table2A, 10000, 10, True, 2.02023298740387, 1.0781288146972656, 3.868382452791546, 2020-03-31_234450
AS, 2, Ins, Table2B, 10000, 10, True, 2.98953914642334, 2.7618408203125, 1.0555237731871827, 2020-03-31_234450
AS, 2, Ins, Table2A, 10000, 10, False, 1.237118649482727, 1.043081283569336, 0.7137904381643939, 2020-03-31_234538
AS, 2, Ins, Table2B, 10000, 10, False, 1.1489918947219848, 1.0399818420410156, 0.5346740941481302, 2020-03-31_234538
AS, 2, Upd, Table2A, 10000, 10, False, 1.0243968963623047, 0.9660720825195312, 0.36049327957589383, 2020-03-31_234559
AS, 2, Upd, Table2B, 10000, 10, False, 1.0406627178192138, 0.9882450103759766, 0.4232840108254011, 2020-03-31_234559
AS, 2, Upd, Table2A, 10000, 10, True, 1.2372968435287475, 1.0864734649658203, 0.5027853076990993, 2020-03-31_234726
AS, 2, Upd, Table2B, 10000, 10, True, 1.1928865432739257, 1.0690689086914062, 2.2119721681112146, 2020-03-31_234726
AS, 2, Del, Table2A, 10000, 10, True, 1.0788360118865967, 1.0023117065429688, 0.426840434587478, 2020-03-31_234847
AS, 2, Del, Table2B, 10000, 10, True, 2.8138755321502686, 2.6584863662719727, 0.656131042670117, 2020-03-31_234847
AS, 2, Del, Table2A, 10000, 10, False, 1.1521101474761963, 0.9720325469970703, 0.9779709684108598, 2020-03-31_234934
AS, 2, Del, Table2B, 10000, 10, False, 1.1958449840545655, 0.9737014770507812, 3.5990132808463615, 2020-03-31_234934
SQL, 2, Ins, Table2A, 10000, 1, True, 3.781697940826416, 3.6661624908447266, 1.0191050695815964, 2020-03-31_235105
SQL, 2, Ins, Table2B, 10000, 1, True, 3.775062990188599, 3.6835670471191406, 0.9104663044346771, 2020-03-31_235105
SQL, 2, Upd, Table2A, 10000, 1, True, 9.596047925949097, 9.482860565185547, 0.7744840193894567, 2020-03-31_235422
SQL, 2, Upd, Table2B, 10000, 1, True, 10.091096568107606, 9.940624237060547, 2.552697729691654, 2020-03-31_235422
SQL, 2, Del, Table2A, 10000, 1, True, 8.156592893600465, 8.1406831741333, 1.1366505150829012, 2020-03-31_235546
SQL, 2, Del, Table2B, 10000, 1, True, 8.531429529190063, 8.498668670654297, 2.2921827236885646, 2020-03-31_235546
SQL, 2, Ins, Table2A, 10000, 5, True, 3.7234754085540773, 3.6163330078125, 3.648025569260346, 2020-03-31_235701
SQL, 2, Ins, Table2B, 10000, 5, True, 3.7283476829528808, 3.633737564086914, 3.332693934501537, 2020-03-31_235701
SQL, 2, Upd, Table2A, 10000, 5, True, 9.664656567573548, 9.524226188659668, 2.3059647280099886, 2020-04-01_000020
SQL, 2, Upd, Table2B, 10000, 5, True, 10.165310764312744, 9.956836700439453, 3.732942702265887, 2020-04-01_000020
SQL, 2, Del, Table2A, 10000, 5, True, 8.373691749572753, 8.19706916809082, 5.324789995035412, 2020-04-01_000145
SQL, 2, Del, Table2B, 10000, 5, True, 8.625749778747558, 8.458971977233887, 5.274083661186148, 2020-04-01_000145
SQL, 2, Ins, Table2A, 10000, 10, True, 3.718025803565979, 3.6513805389404297, 0.8431213939615022, 2020-04-01_000300
SQL, 2, Ins, Table2B, 10000, 10, True, 3.7237550735473635, 3.6618709564208984, 1.4230544433240115, 2020-04-01_000300
SQL, 2, Upd, Table2A, 10000, 10, True, 9.62686026096344, 9.493827819824219, 0.910160996844285, 2020-04-01_000618
SQL, 2, Upd, Table2B, 10000, 10, True, 10.135116147994996, 9.999275207519531, 1.723528822299809, 2020-04-01_000618
SQL, 2, Del, Table2A, 10000, 10, True, 8.207799911499023, 8.108973503112793, 1.1722992397595162, 2020-04-01_000742
SQL, 2, Del, Table2B, 10000, 10, True, 8.627840948104858, 8.474946022033691, 1.5886671524512197, 2020-04-01_000742
AS, 3, Ins, TableC, 10000, 1, True, 3.2981038093566895, 3.0667781829833984, 0.8206980376652009, 2020-04-01_000839
AS, 3, Ins, TableC, 10000, 1, False, 1.1416506052017212, 1.017451286315918, 0.6131755583604029, 2020-04-01_001003
AS, 3, Del, TableC, 10000, 1, False, 1.2238456726074218, 1.0166168212890625, 3.1044112136907525, 2020-04-01_001022
AS, 3, Del, TableA, 10000, 1, False, 1.1712438583374023, 1.0182857513427734, 0.6895359966809633, 2020-04-01_001022
AS, 3, Del, TableB, 10000, 1, False, 1.208221197128296, 1.0180473327636719, 3.149894265985395, 2020-04-01_001022
AS, 3, Del, TableC, 10000, 1, True, 4.320783090591431, 4.099607467651367, 3.0208184846630344, 2020-04-01_001208
AS, 3, Del, TableA, 10000, 1, True, 1.0527092933654785, 0.9931325912475586, 0.35030874601778567, 2020-04-01_001208
AS, 3, Del, TableB, 10000, 1, True, 1.0424639225006103, 0.9870529174804688, 0.30246930959733903, 2020-04-01_001208
AS, 3, Ins, TableC, 10000, 5, True, 4.732269597053528, 4.464149475097656, 3.278870398508852, 2020-04-01_001346
AS, 3, Ins, TableC, 10000, 5, False, 1.1675957202911378, 1.0373592376708984, 0.6407394025907586, 2020-04-01_001455
AS, 3, Del, TableC, 10000, 5, False, 1.1834356784820557, 1.0530948638916016, 0.49565458046899097, 2020-04-01_001513
AS, 3, Del, TableA, 10000, 5, False, 1.2045554637908935, 1.0519027709960938, 0.6756508274781331, 2020-04-01_001513
AS, 3, Del, TableB, 10000, 5, False, 1.198161792755127, 1.050710678100586, 0.6003940940198206, 2020-04-01_001513
AS, 3, Del, TableC, 10000, 5, True, 6.43709168434143, 4.631280899047852, 7.29853657614278, 2020-04-01_001730
AS, 3, Del, TableA, 10000, 5, True, 1.7138436317443848, 1.0728836059570312, 4.335663268146889, 2020-04-01_001730
AS, 3, Del, TableB, 10000, 5, True, 1.6493030548095704, 1.0645389556884766, 2.896254005238095, 2020-04-01_001730
AS, 3, Ins, TableC, 10000, 10, True, 4.785390400886536, 4.516363143920898, 3.365122670221786, 2020-04-01_001903
AS, 3, Ins, TableC, 10000, 10, False, 1.3685251951217652, 1.092672348022461, 0.8407063724323032, 2020-04-01_002017
AS, 3, Del, TableC, 10000, 10, False, 1.1223612308502198, 1.0044574737548828, 0.4961265450585787, 2020-04-01_002034
AS, 3, Del, TableA, 10000, 10, False, 1.1647079467773438, 1.0025501251220703, 3.088007947729713, 2020-04-01_002034
AS, 3, Del, TableB, 10000, 10, False, 1.1259730339050293, 1.0001659393310547, 0.5671754668615978, 2020-04-01_002034
AS, 3, Del, TableC, 10000, 10, True, 5.042019462585449, 4.538178443908691, 4.780983912346141, 2020-04-01_002236
AS, 3, Del, TableA, 10000, 10, True, 1.1648803234100342, 1.04522705078125, 0.4775461095441368, 2020-04-01_002236
AS, 3, Del, TableB, 10000, 10, True, 1.1586763858795166, 1.0364055633544922, 0.5156780671344859, 2020-04-01_002236
SQL, 3, Ins, TableC, 10000, 1, True, 3.694290781021118, 3.6988258361816406, 0.8502121809584153, 2020-04-01_002445
SQL, 3, Del, TableC, 10000, 1, True, 8.864940547943116, 8.847236633300781, 1.1957611052633017, 2020-04-01_002652
SQL, 3, Del, TableA, 10000, 1, True, 8.25438117980957, 8.202910423278809, 1.236460016907836, 2020-04-01_002652
SQL, 3, Del, TableB, 10000, 1, True, 8.219159698486328, 8.189678192138672, 1.0789862138341075, 2020-04-01_002652
SQL, 3, Ins, TableC, 10000, 5, True, 3.8488858699798585, 3.80098819732666, 0.8072247433619926, 2020-04-01_002846
SQL, 3, Del, TableC, 10000, 5, True, 8.828562164306641, 8.809328079223633, 1.240906697871599, 2020-04-01_003053
SQL, 3, Del, TableA, 10000, 5, True, 8.26505379676819, 8.244156837463379, 1.173713124158233, 2020-04-01_003053
SQL, 3, Del, TableB, 10000, 5, True, 8.267783737182617, 8.2319974899292, 3.1130043027292627, 2020-04-01_003053
SQL, 3, Ins, TableC, 10000, 10, True, 3.771022152900696, 3.7620067596435547, 1.2792426797947969, 2020-04-01_003244
SQL, 3, Del, TableC, 10000, 10, True, 8.86478786468506, 8.86070728302002, 1.2018862433935613, 2020-04-01_003451
SQL, 3, Del, TableA, 10000, 10, True, 8.228739500045776, 8.250117301940918, 1.0436985543788135, 2020-04-01_003451
SQL, 3, Del, TableB, 10000, 10, True, 8.269282484054566, 8.256196975708008, 1.296122254728466, 2020-04-01_003451
AS, 1, Ins, Table1A, 100000, 1, True, 1.1425618290901185, 1.0221004486083984, 0.954264808814346, 2020-04-02_053345
AS, 1, Ins, Table1B, 100000, 1, True, 2.5485005283355715, 2.171754837036133, 2.0826979957270995, 2020-04-02_053345
AS, 1, Ins, Table1A, 100000, 1, False, 1.245628890991211, 1.0325908660888672, 1.8761634326156742, 2020-04-02_054341
AS, 1, Ins, Table1B, 100000, 1, False, 1.1700281977653504, 1.0340213775634766, 1.5231896476983087, 2020-04-02_054341
AS, 1, Upd, Table1A, 100000, 1, False, 1.207317988872528, 1.0528564453125, 0.9170204825130415, 2020-04-02_054743
AS, 1, Upd, Table1B, 100000, 1, False, 1.1927512693405151, 1.04522705078125, 1.4029314074475856, 2020-04-02_054743
AS, 1, Upd, Table1A, 100000, 1, True, 1.14983580827713, 1.0342597961425781, 1.1612335286850712, 2020-04-02_060130
AS, 1, Upd, Table1B, 100000, 1, True, 1.2447289538383484, 1.079559326171875, 1.6326822416653923, 2020-04-02_060131
AS, 1, Del, Table1A, 100000, 1, True, 1.1799819660186768, 1.032114028930664, 0.6071120877118173, 2020-04-02_061705
AS, 1, Del, Table1B, 100000, 1, True, 3.587153825759888, 3.2415390014648438, 1.7535809752933524, 2020-04-02_061706
AS, 1, Del, Table1A, 100000, 1, False, 1.2447460222244262, 1.0056495666503906, 2.673085477401865, 2020-04-02_062559
AS, 1, Del, Table1B, 100000, 1, False, 1.2015776014328003, 1.0045766830444336, 2.1863378420013935, 2020-04-02_062600
AS, 1, Ins, Table1A, 100000, 5, True, 1.101119291782379, 0.9932518005371094, 1.4287041957622693, 2020-04-02_063448
AS, 1, Ins, Table1B, 100000, 5, True, 3.01901829957962, 2.7303695678710938, 1.7379372505491382, 2020-04-02_063449
AS, 1, Ins, Table1A, 100000, 5, False, 1.258016459941864, 1.0197162628173828, 1.7462690497815312, 2020-04-02_064249
AS, 1, Ins, Table1B, 100000, 5, False, 1.149150333404541, 1.0142326354980469, 0.8404310771103553, 2020-04-02_064250
AS, 1, Upd, Table1A, 100000, 5, False, 1.1093895578384398, 1.0025501251220703, 0.8058666085749575, 2020-04-02_064633
AS, 1, Upd, Table1B, 100000, 5, False, 1.1112302684783935, 0.9951591491699219, 0.4613135256834995, 2020-04-02_064634
AS, 1, Upd, Table1A, 100000, 5, True, 1.1314630317687988, 1.0135173797607422, 0.8518145655218418, 2020-04-02_070056
AS, 1, Upd, Table1B, 100000, 5, True, 1.3322248363494873, 1.035928726196289, 1.007345672639979, 2020-04-02_070056
AS, 1, Del, Table1A, 100000, 5, True, 1.0520410823822022, 0.9787082672119141, 0.3776112749415849, 2020-04-02_071656
AS, 1, Del, Table1B, 100000, 5, True, 3.3229034042358396, 3.1435489654541016, 1.510392539187013, 2020-04-02_071657
AS, 1, Del, Table1A, 100000, 5, False, 1.0579369115829467, 0.9617805480957031, 1.0947665266854576, 2020-04-02_072411
AS, 1, Del, Table1B, 100000, 5, False, 1.0619505310058595, 0.9596347808837891, 1.948084939764009, 2020-04-02_072411
AS, 1, Ins, Table1A, 100000, 10, True, 1.1680701661109925, 1.0364055633544922, 2.0299849982651197, 2020-04-02_175727
AS, 1, Ins, Table1B, 100000, 10, True, 2.982429552078247, 2.781391143798828, 2.960238565452588, 2020-04-02_175728
AS, 1, Ins, Table1A, 100000, 10, False, 1.1876110363006591, 1.0416507720947266, 2.0670261148926192, 2020-04-02_180511
AS, 1, Ins, Table1B, 100000, 10, False, 1.1508892011642455, 1.035928726196289, 1.6976080072186885, 2020-04-02_180511
AS, 1, Upd, Table1A, 100000, 10, False, 1.1524184918403626, 1.0263919830322266, 2.048335171696695, 2020-04-02_180859
AS, 1, Upd, Table1B, 100000, 10, False, 1.1171550273895263, 1.020669937133789, 1.7356672673778168, 2020-04-02_180900
AS, 1, Upd, Table1A, 100000, 10, True, 1.258495931625366, 1.066446304321289, 1.9924293558787893, 2020-04-02_182332
AS, 1, Upd, Table1B, 100000, 10, True, 1.1565312767028808, 1.0547637939453125, 1.617361328944242, 2020-04-02_182333
AS, 1, Del, Table1A, 100000, 10, True, 1.1694797039031983, 1.0457038879394531, 1.8395961878221083, 2020-04-02_183816
AS, 1, Del, Table1B, 100000, 10, True, 3.646398401260376, 3.3729076385498047, 1.758953262324819, 2020-04-02_183816
AS, 1, Del, Table1A, 100000, 10, False, 1.1475133800506592, 1.016378402709961, 1.1212332243443672, 2020-04-02_184603
AS, 1, Del, Table1B, 100000, 10, False, 1.1636811304092407, 1.0182857513427734, 1.8879336007489902, 2020-04-02_184604
AS, 2, Ins, Table2A, 100000, 1, True, 1.1490871238708495, 1.027822494506836, 1.7394627814305121, 2020-04-02_185346
AS, 2, Ins, Table2B, 100000, 1, True, 2.3751495766639708, 2.1157264709472656, 2.1609298851206864, 2020-04-02_185346
AS, 2, Ins, Table2A, 100000, 1, False, 1.1582862901687623, 1.0132789611816406, 1.7362627397539745, 2020-04-02_190254
AS, 2, Ins, Table2B, 100000, 1, False, 1.156107141971588, 1.035451889038086, 1.7319007970866762, 2020-04-02_190254
AS, 2, Upd, Table2A, 100000, 1, False, 1.1441609859466553, 1.0268688201904297, 1.7418233570836168, 2020-04-02_190642
AS, 2, Upd, Table2B, 100000, 1, False, 1.1206311774253845, 1.01470947265625, 1.8635957920100656, 2020-04-02_190643
AS, 2, Upd, Table2A, 100000, 1, True, 1.1309823083877564, 1.0251998901367188, 1.642847904823275, 2020-04-02_191942
AS, 2, Upd, Table2B, 100000, 1, True, 1.1583650350570678, 1.0514259338378906, 0.5492112143687362, 2020-04-02_191943
AS, 2, Del, Table2A, 100000, 1, True, 1.2692987632751465, 1.0442733764648438, 2.4454554001933326, 2020-04-02_193423
AS, 2, Del, Table2B, 100000, 1, True, 3.1076852655410767, 2.6743412017822266, 3.1376352817974076, 2020-04-02_193423
AS, 2, Del, Table2A, 100000, 1, False, 1.1344607734680177, 1.0027885437011719, 2.493347193512872, 2020-04-02_194234
AS, 2, Del, Table2B, 100000, 1, False, 1.1270320844650268, 1.0082721710205078, 1.22623345362966, 2020-04-02_194234
AS, 2, Ins, Table2A, 100000, 5, True, 1.1432317256927491, 1.0313987731933594, 0.8279539292310102, 2020-04-02_195103
AS, 2, Ins, Table2B, 100000, 5, True, 2.8839627408981325, 2.7260780334472656, 2.191151575299417, 2020-04-02_195104
AS, 2, Ins, Table2A, 100000, 5, False, 1.1496663665771485, 1.0263919830322266, 1.1173667382898587, 2020-04-02_195846
AS, 2, Ins, Table2B, 100000, 5, False, 1.155190851688385, 1.0325908660888672, 0.5644152464062441, 2020-04-02_195846
AS, 2, Upd, Table2A, 100000, 5, False, 1.1709635043144226, 1.0383129119873047, 1.3380059629699332, 2020-04-02_200249
AS, 2, Upd, Table2B, 100000, 5, False, 1.2360698676109314, 1.0619163513183594, 2.05680954389272, 2020-04-02_200249
AS, 2, Upd, Table2A, 100000, 5, True, 1.1682922339439392, 1.0592937469482422, 0.5368093354888364, 2020-04-02_201716
AS, 2, Upd, Table2B, 100000, 5, True, 1.1685896635055542, 1.06048583984375, 1.497126782765845, 2020-04-02_201717
AS, 2, Del, Table2A, 100000, 5, True, 1.2787653589248658, 1.0561943054199219, 2.154347321186872, 2020-04-02_203155
AS, 2, Del, Table2B, 100000, 5, True, 3.2395963621139527, 2.7883052825927734, 2.4130249371645855, 2020-04-02_203155
AS, 2, Del, Table2A, 100000, 5, False, 1.1370159816741943, 1.0263919830322266, 1.0956728594933942, 2020-04-02_204016
AS, 2, Del, Table2B, 100000, 5, False, 1.160587649345398, 1.0290145874023438, 1.9822473834661984, 2020-04-02_204016
AS, 2, Ins, Table2A, 100000, 10, True, 1.1415678763389587, 1.0344982147216797, 1.971412864863442, 2020-04-02_204904
AS, 2, Ins, Table2B, 100000, 10, True, 2.906739745140076, 2.7244091033935547, 2.2275133942067913, 2020-04-02_204905
AS, 2, Ins, Table2A, 100000, 10, False, 1.0975360679626465, 1.0151863098144531, 1.2860497707494964, 2020-04-02_205629
AS, 2, Ins, Table2B, 100000, 10, False, 1.0892221784591676, 1.0075569152832031, 0.40970718630939135, 2020-04-02_205630
AS, 2, Upd, Table2A, 100000, 10, False, 1.1509291410446167, 1.0280609130859375, 1.0715397169352754, 2020-04-02_210018
AS, 2, Upd, Table2B, 100000, 10, False, 1.1184997630119324, 1.0128021240234375, 0.49160113732607386, 2020-04-02_210018
AS, 2, Upd, Table2A, 100000, 10, True, 1.15184960603714, 1.0387897491455078, 1.0822954672064196, 2020-04-02_211442
AS, 2, Upd, Table2B, 100000, 10, True, 1.287728750705719, 1.0612010955810547, 2.1716327819113475, 2020-04-02_211443
AS, 2, Del, Table2A, 100000, 10, True, 1.0817709732055665, 1.0085105895996094, 1.0083765753052232, 2020-04-02_212842
AS, 2, Del, Table2B, 100000, 10, True, 2.8730893659591676, 2.716064453125, 1.518298958195282, 2020-04-02_212842
AS, 2, Del, Table2A, 100000, 10, False, 1.1667002296447755, 0.9949207305908203, 1.1939235120624037, 2020-04-02_213614
AS, 2, Del, Table2B, 100000, 10, False, 1.162946629524231, 0.9932518005371094, 1.5031555118714202, 2020-04-02_213614
AS, 3, Ins, TableC, 100000, 1, True, 3.5754361152648926, 3.1669139862060547, 3.4200196311195943, 2020-04-02_214741
AS, 3, Ins, TableC, 100000, 1, False, 1.31768150806427, 1.0538101196289062, 2.1267514096873996, 2020-04-02_220237
AS, 3, Del, TableC, 100000, 1, False, 1.1412019777297973, 1.0223388671875, 1.2013373199694566, 2020-04-02_220529
AS, 3, Del, TableA, 100000, 1, False, 1.1307504081726074, 1.0199546813964844, 0.49865813909217305, 2020-04-02_220529
AS, 3, Del, TableB, 100000, 1, False, 1.1371108627319335, 1.0182857513427734, 1.5435818843918594, 2020-04-02_220529
AS, 3, Del, TableC, 100000, 1, True, 4.612748022079468, 4.2972564697265625, 2.052535342284265, 2020-04-02_222404
AS, 3, Del, TableA, 100000, 1, True, 1.1409555053710938, 1.0352134704589844, 1.0698424565779485, 2020-04-02_222404
AS, 3, Del, TableB, 100000, 1, True, 1.1358590745925903, 1.0294914245605469, 1.0461963457165615, 2020-04-02_222404
AS, 3, Ins, TableC, 100000, 5, True, 4.668121409416199, 4.503488540649414, 2.14276207686818, 2020-04-02_224015
AS, 3, Ins, TableC, 100000, 5, False, 1.2652080678939819, 1.0426044464111328, 1.5702401823715904, 2020-04-02_225228
AS, 3, Del, TableC, 100000, 5, False, 1.1369321060180664, 1.0237693786621094, 0.5421364620172935, 2020-04-02_225520
AS, 3, Del, TableA, 100000, 5, False, 1.1488941431045532, 1.0230541229248047, 1.708628230915021, 2020-04-02_225520
AS, 3, Del, TableB, 100000, 5, False, 1.1414007711410523, 1.0223388671875, 1.078724245788609, 2020-04-02_225521
AS, 3, Del, TableC, 100000, 5, True, 4.863378710746765, 4.496097564697266, 2.7536759303332206, 2020-04-02_231547
AS, 3, Del, TableA, 100000, 5, True, 1.1612376403808593, 1.0466575622558594, 1.216237899255214, 2020-04-02_231547
AS, 3, Del, TableB, 100000, 5, True, 1.151126365661621, 1.0383129119873047, 1.1448289007424552, 2020-04-02_231547
AS, 3, Ins, TableC, 100000, 10, True, 4.7396745777130125, 4.493236541748047, 2.5741573666763746, 2020-04-02_233110
AS, 3, Ins, TableC, 100000, 10, False, 1.1265058779716492, 1.024007797241211, 0.8372585420648552, 2020-04-02_234243
AS, 3, Del, TableC, 100000, 10, False, 1.0968669652938843, 0.9999275207519531, 1.05720501793942, 2020-04-02_234528
AS, 3, Del, TableA, 100000, 10, False, 1.0951165199279784, 0.9982585906982422, 1.0871135542371342, 2020-04-02_234528
AS, 3, Del, TableB, 100000, 10, False, 1.0904681539535523, 0.9975433349609375, 0.4400220993648883, 2020-04-02_234529
AS, 3, Del, TableC, 100000, 10, True, 4.7320541620254515, 4.432439804077148, 1.430035550952333, 2020-04-03_000527
AS, 3, Del, TableA, 100000, 10, True, 1.1392554140090942, 1.0266304016113281, 1.8439807909115618, 2020-04-03_000528
AS, 3, Del, TableB, 100000, 10, True, 1.1260218811035156, 1.0197162628173828, 1.7095990308182711, 2020-04-03_000528
SQL, 1, Ins, Table1A, 100000, 1, True, 3.7502923798561096, 3.6911964416503906, 1.5906136760837157, 2020-04-03_002058
SQL, 1, Ins, Table1B, 100000, 1, True, 3.763125123977661, 3.702402114868164, 1.6653102204304377, 2020-04-03_002059
SQL, 1, Upd, Table1A, 100000, 1, True, 58.50091870307922, 58.214426040649414, 2.3211013138838563, 2020-04-03_034048
SQL, 1, Upd, Table1B, 100000, 1, True, 61.3644624042511, 61.103105545043945, 1.870640849161844, 2020-04-03_034049
SQL, 1, Del, Table1A, 100000, 1, True, 47.21597482681275, 47.20413684844971, 8.458180900067761, 2020-04-03_050103
SQL, 1, Del, Table1B, 100000, 1, True, 49.04279695034027, 49.006104469299316, 8.812278987591855, 2020-04-03_050103
SQL, 1, Ins, Table1A, 100000, 5, True, 3.7966227078437806, 3.7114620208740234, 1.3727947982865976, 2020-04-03_051337
SQL, 1, Ins, Table1B, 100000, 5, True, 3.7304290413856505, 3.669261932373047, 1.2934643728166846, 2020-04-03_051338
SQL, 1, Upd, Table1A, 100000, 5, True, 58.333877761363986, 58.07137489318848, 1.7408860336356449, 2020-04-03_083254
SQL, 1, Upd, Table1B, 100000, 5, True, 61.19514909267426, 60.93645095825195, 2.061758149269045, 2020-04-03_083254
SQL, 1, Del, Table1A, 100000, 5, True, 46.99921867847443, 47.03080654144287, 8.351303675288696, 2020-04-03_095304
SQL, 1, Del, Table1B, 100000, 5, True, 49.174846506118776, 49.20625686645508, 8.774795714778204, 2020-04-03_095304
SQL, 1, Ins, Table1A, 100000, 10, True, 3.6374376010894776, 3.6363601684570312, 0.7772394398849802, 2020-04-03_100523
SQL, 1, Ins, Table1B, 100000, 10, True, 3.7342870116233824, 3.6754608154296875, 1.0467991423842065, 2020-04-03_100523
SQL, 1, Upd, Table1A, 100000, 10, True, 58.79150556087494, 58.50410461425781, 2.1974211366359104, 2020-04-03_132712
SQL, 1, Upd, Table1B, 100000, 10, True, 62.25923136472702, 61.7671012878418, 2.6700991960197586, 2020-04-03_132712
SQL, 1, Del, Table1A, 100000, 10, True, 47.6044828414917, 47.580838203430176, 8.451898598049334, 2020-04-03_144827
SQL, 1, Del, Table1B, 100000, 10, True, 49.877845044136045, 49.913763999938965, 8.833646988817561, 2020-04-03_144828
SQL, 2, Ins, Table2A, 100000, 1, True, 3.8004826164245604, 3.7419795989990234, 0.905887072943179, 2020-04-03_150118
SQL, 2, Ins, Table2B, 100000, 1, True, 3.886680839061737, 3.7899017333984375, 1.2286164606831877, 2020-04-03_150118
SQL, 2, Upd, Table2A, 100000, 1, True, 60.693124163150785, 60.66179275512695, 1.5987086604650298, 2020-04-03_183213
SQL, 2, Upd, Table2B, 100000, 1, True, 65.8251271224022, 65.85264205932617, 1.4240037274052764, 2020-04-03_183214
SQL, 2, Del, Table2A, 100000, 1, True, 57.33523235797882, 52.6505708694458, 18.563784126670548, 2020-04-03_201115
SQL, 2, Del, Table2B, 100000, 1, True, 61.4665271282196, 56.420326232910156, 19.917202036326547, 2020-04-03_201115
SQL, 2, Ins, Table2A, 100000, 5, True, 3.8765715909004212, 3.719329833984375, 1.6897122366724475, 2020-04-03_202407
SQL, 2, Ins, Table2B, 100000, 5, True, 3.8277505826950073, 3.761768341064453, 1.1936393178292843, 2020-04-03_202408
SQL, 2, Upd, Table2A, 100000, 5, True, 105.99675379753113, 137.18152046203613, 43.793876124146536, 2020-04-04_023737
SQL, 2, Upd, Table2B, 100000, 5, True, 118.06371639966964, 154.04140949249268, 47.43048385862965, 2020-04-04_023737
SQL, 2, Del, Table2A, 100000, 5, True, 85.4654649925232, 84.72394943237305, 38.46746702296289, 2020-04-04_050530
SQL, 2, Del, Table2B, 100000, 5, True, 91.96152483463287, 91.66741371154785, 41.49804954630616, 2020-04-04_050530
SQL, 2, Ins, Table2A, 100000, 10, True, 3.782825491428375, 3.71551513671875, 1.7745081050278555, 2020-04-04_051755
SQL, 2, Ins, Table2B, 100000, 10, True, 3.6475908041000364, 3.679513931274414, 1.9290845723582868, 2020-04-04_051755
SQL, 2, Upd, Table2A, 100000, 10, True, 106.21426182270051, 137.31324672698975, 43.654289594108945, 2020-04-04_113033
SQL, 2, Upd, Table2B, 100000, 10, True, 117.3294543004036, 153.70523929595947, 47.04740410283645, 2020-04-04_113033
SQL, 2, Del, Table2A, 100000, 10, True, 84.86574893951416, 84.47027206420898, 38.32138972119885, 2020-04-04_135712
SQL, 2, Del, Table2B, 100000, 10, True, 91.07074262619018, 91.04669094085693, 41.244606387918765, 2020-04-04_135712
SQL, 3, Ins, TableC, 100000, 1, True, 3.8259686923027036, 3.7703514099121094, 0.8006106333403505, 2020-04-04_141618
SQL, 3, Del, TableC, 100000, 1, True, 92.69596034526825, 90.40844440460205, 41.486754218684396, 2020-04-04_175112
SQL, 3, Del, TableA, 100000, 1, True, 82.49339680671692, 78.58133316040039, 36.812715191513625, 2020-04-04_175113
SQL, 3, Del, TableB, 100000, 1, True, 82.65817293643951, 79.34439182281494, 36.86848689396997, 2020-04-04_175113
SQL, 3, Ins, TableC, 100000, 5, True, 3.687246227264404, 3.6978721618652344, 1.3188530431283547, 2020-04-04_181005
SQL, 3, Del, TableC, 100000, 5, True, 92.91481307029724, 90.21341800689697, 41.441405203009836, 2020-04-04_214511
SQL, 3, Del, TableA, 100000, 5, True, 82.56378589630127, 78.6372423171997, 36.64722449343871, 2020-04-04_214511
SQL, 3, Del, TableB, 100000, 5, True, 82.60462090969085, 79.05447483062744, 36.63515331971206, 2020-04-04_214511
SQL, 3, Ins, TableC, 100000, 10, True, 3.7730348229408266, 3.723621368408203, 0.71683008017472, 2020-04-04_220349
SQL, 3, Del, TableC, 100000, 10, True, 92.81615768909454, 90.77346324920654, 41.31138662012835, 2020-04-05_013818
SQL, 3, Del, TableA, 100000, 10, True, 82.07854142665863, 78.28271389007568, 36.48030042708014, 2020-04-05_013819
SQL, 3, Del, TableB, 100000, 10, True, 82.45976958751679, 79.11062240600586, 36.656287103626894, 2020-04-05_013819
